{
    "#info": {
        "version": 1,
        "name": "Default Theme",
        "creator": "Tekkenfede and Kloptops"
    },

    "#base": {
        "font": "DejaVuSans.ttf",
        "font-scale[hires]": 2.0,
        "font-scale[5:3,hires]": 3.0
    },

    "#pallet": {
        "background": [200, 200, 200, 255],
        "background_fade": [0, 0, 0, 128],
        "list_text": [0, 0, 0, 255],
        "list_selected": [255, 0, 0, 255],
        "button": [200, 200, 200, 255]
    },

    "#resources": {
        "nine.png": {
            "button":  [  0,   0, 320, 167],
            "dialog":  [  0, 169, 320, 161],
            "box":     [  0, 332, 320, 106],
            "boxfill": [  0, 439, 320, 106],
            "arrow_r": [ 11, 559,  42,  42],
            "arrow_l": [ 11, 559,  42,  42, 1],
            "circle":  [ 64, 547,  62,  62],
            "bar":     [373, 225, 222,  18]
        },
        "buttons.png": {
            "_A":        [  0,   0, 180, 180],
            "_B":        [180,   0, 180, 180],
            "_X":        [360,   0, 180, 180],
            "_Y":        [540,   0, 180, 180],
            "start":     [  0, 180, 360, 180],
            "select":    [360, 180, 360, 180],
            "_L":        [  0, 360, 270, 180],
            "_R":        [270, 360, 270, 180],
            "unchecked": [720,   0, 180, 180],
            "checked":   [900,   0, 180, 180],
            "more":      [720, 180, 180, 180],
            "left":      [900, 180,  90, 180],
            "right":     [990, 180,  90, 180],
            "up":        [900, 360, 180,  90],
            "down":      [900, 450, 180,  90]
        },
        "pointenfedde.png": {}
    },

    "#elements": {
        "left_pane": {
            "comment": "Left side of the screen.",
            "area": [ 0.0, 0.0, 0.3, 1.0 ],
            "area[wide]": [ 0.0, 0.0, 0.4, 1.0 ]
        },
        "right_pane": {
            "comment": "Right side of the screen.",
            "area": [ 0.3, 0.0, 1.0, 1.0 ],
            "area[wide]": [ 0.4, 0.0, 1.0, 1.0 ]
        },
        "port_info_list_area": {
            "comment": "List area",
            "parent": "left_pane",
            "area": [ 0.0, 0.0, 1.0, 1.0 ]
        },
        "port_info_area": {
            "comment": "The area used for the info text/image",
            "parent": "right_pane",
            "area": [ 0.0, 0.0, 1.0, 0.95 ]
        },
        "port_info_title_area": {
            "comment": "Port Title",
            "parent": "port_info_area",
            "area": [ 0.0, 0.0, 1.0, 0.1 ]
        },
        "port_info_image_area": {
            "comment": "Port image",
            "parent": "port_info_area",
            "area": [ 0.0, 0.1, 1.0, 0.4 ],
            "area[hires]": [ 0.0, 0.1, 1.0, 0.5 ]
        },
        "port_info_text_area": {
            "comment": "Port Info",
            "parent": "port_info_area",
            "area": [ 0.0, 0.4, 1.0, 0.95 ],
            "area[hires]": [ 0.0, 0.5, 1.0, 1.0]
        },
        "background": {
            "area": [ 0.0, 0.0, 1.0, 1.0 ],
            "fill": "background",
            "border": 8,
            "font-size": 36,
            "font-color": [ 0, 0, 0 ]
        },
        "small_button": {
            "fill": "button",
            "outline": [ 0, 0, 0, 255 ],
            "thickness": 1,
            "font-size": 16,
            "font-color": [ 0, 0, 0 ]
        },
        "button_bar_filters": {
            "area": [ 0.5, 0.93, 0.95, 1.0 ],
            "font-size": 16,
            "font-color": [ 0, 0, 0 ],
            "bar": [
                "_A",
                "Accept",
                "_B",
                "Back",
                "_X",
                "Filter"
            ]
        },
        "button_bar": {
            "area": [ 0.60, 0.93, 0.95, 1.0 ],
            "font-size": 16,
            "font-color": [ 0, 0, 0 ],
            "bar": [
                "_A",
                "Accept",
                "_B",
                "Back"
            ]
        },

        "button_bar2": {
            "area": [ 0.40, 0.93, 0.95, 1.0 ],
            "font-size": 16,
            "font-color": [ 0, 0, 0 ],
            "bar": [
                "_A",
                "Install",
                "_B",
                "Back"
            ]
        },
        "button_bar3": {
            "area": [ 0.5, 0.93, 0.95, 1.0 ],
            "font-size": 16,
            "font-color": [ 0, 0, 0 ],
            "bar": [
                "_B",
                "Back"
            ]
        },
        "option_list": {
            "area": [ 0.1, 0.25, 0.9, 0.9 ],
            "border": 8,
            "font-size": 30,
            "font-color": "list_text",
            "select-color": "list_selected",
            "text-clip": false,
            "thickness": 10
        }
    },

    "ports_list": {
        "#element:background": {},

        "port_info": {
            "parent": "port_info_area",
            "area": [ 0.0, 0.0, 1.0, 1.0 ],
            "fill": [ 230, 230, 230 ],
            "thickness": 10,
            "border": 8,
            "text": "",
            "font-size": 24,
            "font-color": [ 0, 0, 0 ],
            "text-wrap": true
        },

        "ports_list": {
            "parent": "port_info_list_area",
            "area": [ 0.0, 0.0, 1.0, 1.0 ],
            "border-x": 16,
            "font-size": 14,
            "alt-fill": [ 210, 210, 210 ],
            "select-fill": [ 153, 204, 255 ],
            "font-color": "list_text",
            "select-color": "list_selected",
            "text-clip": true,
            "text-wrap": false,
            "autoscroll": "slide",
            "scroll-speed": 30,
            "scroll-delay-start": 500,
            "scroll-delay-end": 500
        },

        "port_filters": {
            "text": "{if:ports_list.filters}Filters: {ports_list.filters}{endif}",
            "area": [ 0.0, 0.0, 0.4, 0.1 ],
            "font-size": 12,
            "parent": "background",
            "align": "topleft",
            "font-color": [ 255, 0, 0 ],
            "text-wrap": true,
            "autoscroll": "marquee",
            "scroll-speed": 40,
            "scroll-delay-start": 500,
            "scroll-delay-end": 500
        },

        "port_desc": {
            "parent": "port_info_text_area",
            "area": [ 5, 5, -5, -5 ],
            "font-size": 17,
            "font-color": [ 0, 0, 0 ],
            "text-wrap": true,
            "autoscroll": "marquee",
            "scroll-speed": 60,
            "scroll-delay-start": 1500,
            "scroll-delay-end": 1500,
            "text": "{port_info.description}\n\nGenres: {port_info.genres}\nDownload Size: {port_info.download_size}{if:port_info.runtime}\nRuntime: {port_info.runtime} ({port_info.runtime_status}){endif}"
        },

        "port_title": {
            "parent": "port_info_title_area",
            "area": [ 0.0, 0.0, 1.0, 1.0 ],
            "text": "{port_info.title}",
            "font-size": 32,
            "font-color": [ 255, 0, 0 ],
            "autoscroll": null,
            "text-wrap": false,
            "text-clip": false,
            "align": "topleft"
        },

        "port_image": {
            "parent": "port_info_image_area",
            "area": [ 0.0, 0.0, 1.0, 1.0 ],
            "image": "no-image.jpg"
        },

        "#element:button_bar_filters": {}
    },

        "port_info": {
            "#element:background": {},

            "free_space": {
                "area": [ 0.0, 0.1, 0.2, 0.2 ],
                "fill": [ 230, 230, 230 ],
                "text": "Free Space: {system.free_space}",
                "thickness": 6,
                "border": 8,
                "font-size": 13,
                "font-color": [ 0, 0, 0 ],
                "text-wrap": true
            },

            "port_info": {
                "area": [ 0.0, 0.68, 1.0, 1.0 ],
                "fill": [ 230, 230, 230 ],
                "text": "{port_info.description}\n\nPorter: {port_info.porter}\nGenres: {port_info.genres}\nDownload Size: {port_info.download_size}{if:port_info.runtime}\nRuntime: {port_info.runtime} ({port_info.runtime_status}){endif}",
                "thickness": 6,
                "border": 8,
                "font-size": 11,
                "font-color": [ 0, 0, 0 ],
                "text-wrap": true
            },


            "port_title": {
                "text": "{port_info.title}",
                "area": [ 0.00, 0.00, 1.00, 0.1 ],
                "font-size": 24,
                "font-color": [ 255, 0, 0 ],
                "autoscroll": null,
                "text-wrap": false,
                "align": "center"
            },

            "port_image": {
                "area": [ 0.51, 0.1, 0.5, 0.65 ],
                "image": "no-image.jpg",
                "align": "center"
            },

            "#element:small_button:ok_button": {
                "area": [ 0.0, 0.0, 0.0, 0.0 ],
                "text": "Okay"
            },

            "#element:small_button:back_button": {
                "area": [ 0.0, 0.0, 0.0, 0.0 ],
                "text": "Back"
            },

            "#element:button_bar2": {}
        },

        "main_menu": {
            "#element:background": {},

            "#element:option_list": {
                "align": "center",
                "list": [
                    "All Ports",
                    "Ready to Run Ports",
                    "Uninstall Ports",
                    " ",
                    "Option Menu",
                    "Exit"
                ],
                "options": [
                    "install",
                    "install-rtr",
                    "uninstall",
                    null,
                    "option",
                    "exit"

                ],
                "info": [
                    "Install a new port onto your device.",
                    "Remove a port that has been installed onto your device",
                    "PortMaster options",
                    "Exit Portmaster and return to your game list."
                ],
                "pointer": "pointenfedde.png",
                "pointer-align": [ "midleft", "midright" ],
                "pointer-size": [ 51, 26 ],
                "pointer-attach": "text",
                "pointer-offset": [ 0, 0 ],
                "pointer-flip-x": false,
                "pointer-flip-y": false,
                "pointer-mirror": true,
                "pointer-mirror-x": true
            },
            "#element:button_bar": {},

            "system_time": {
                "text": "Time: {system.time_24hr}\nCFW: {system.cfw_name} ({system.cfw_version})\nDevice: {system.device_name}\nBattery: {system.battery_level}",
                "font-size": 13,
                "font-color": [ 0, 0, 0 ],
                "area": [ 0.02, 0.05, 0.95, 0.95 ],
                "align": "topright"
            },
            "system_time_low": {
                "text": "PM: {system.portmaster_version}\nHM: {system.harbourmaster_version}\nSpace: {system.free_space} free / {system.total_space} total",
                "font-size": 11,
                "font-color": [ 0, 0, 0 ],
                "area": [ 0.02, 0.05, 0.95, 0.95 ],
                "align": "bottomleft"
            }

        },

    "option_menu": {
        "#element:background": {},

        "#element:option_list": {
            "list": [
                "Update ports",
                "- * -",
                "- * -",
                "Back"
            ],
            "options": [
                "update-ports",
                "option-2",
                "option-3",
                "back"
            ]
        },

        "#element:button_bar": {},

        "ip": {
            "text": "IP: {system.ip_address}",
            "font-size": 11,
            "font-color": [ 0, 0, 0 ],
            "area": [ 0.02, 0.05, 0.95, 0.95 ],
            "align": "bottomleft"
        }
    },

        "filter_list": {
            "#element:background": {
                "blend-mode": "blend",
                "fill": "background_fade"
            },
            "filter_list": {
                "area": [ 0.5, 0.02, 0.95, 0.92 ],
                "fill": [ 200, 200, 200 ],
                "font-size": 18,
                "font-color": "list_text",
                "select-color": "list_selected",
                "list": [],
                "align": "topleft"
            }
        },

        "message_window": {
            "#element:background": {},

            "message_text": {
                "area": [ 0.05, 0.05, 0.95, 0.8 ],
                "fill": [ 230, 230, 230 ],
                "thickness": 6,
                "text-wrap": true,
                "border": 10,
                "font-size": 24,
                "font-color": [ 0, 0, 0 ],
                "align": "bottomleft",
                "text": ""
            },

            "progress_bar": {
                "area": [ 0.05, 0.83, 0.95, 0.90 ],
                "fill": [ 230, 230, 230 ],
                "progress-fill": [ 153, 204, 255 ],
                "text": "{system.progress_text}",
                "align": "midleft",
                "font-size": 14,
                "font-color": [ 0, 0, 0 ],
                "border": 2,
                "thickness": 1
            },

            "progress_bar_amount": {
                "area": [ 0.05, 0.83, 0.95, 0.90 ],
                "text": "{system.progress_amount}",
                "align": "midright",
                "font-size": 14,
                "font-color": [ 0, 0, 0 ],
                "thickness": 1,
                "border": 2
            },

            "#element:button_bar": {}
        },

        "message_box": {
            "#element:background": {},

            "message_text": {
                "area": [ 0.05, 0.5, 0.95, 0.8 ],
                "fill": [ 230, 230, 230 ],
                "thickness": 6,
                "border": 8,
                "font-size": 24,
                "font-color": [ 0, 0, 0 ],
                "align": "center",
                "text": "",
                "text-wrap": true
            },

            "#element:small_button:ok_button": {
                "area": [ 0.35, 0.95, 0.45, 0.98 ],
                "text": "Okay"
            },

            "#element:small_button:cancel_button": {
                "area": [ 0.55, 0.95, 0.65, 0.98 ],
                "text": "Back"
            },

            "#element:button_bar3": {}
        }
    }